Workbook

Sheet Реестр
A1: РЕЕСТР ОБУЧЕННЫХ ПО ОХРАНЕ ТРУДА ЛИЦ
B2: Обучающая организация | I2: Мелиоратор
A4: Организация работодателя | B4: ИНН организации | C4: ФИО | D4: СНИЛС | E4: Должность | F4: Название программы | G4: Результат | H4: Дата | I4: Номер протокола | J4: Проверка СНИЛС | K4: Проверка ИНН | L4: Проверка Даты
J5: =INDEX(Проверки!$F:$F, ROW()) | K5: =INDEX(Проверки!$D:$D, ROW()) | L5: =INDEX(Проверки!$G:$G, ROW())
J6: =INDEX(Проверки!$F:$F, ROW()) | K6: =INDEX(Проверки!$D:$D, ROW()) | L6: =INDEX(Проверки!$G:$G, ROW())
J7: =INDEX(Проверки!$F:$F, ROW()) | K7: =INDEX(Проверки!$D:$D, ROW()) | L7: =INDEX(Проверки!$G:$G, ROW())
J8: =INDEX(Проверки!$F:$F, ROW()) | K8: =INDEX(Проверки!$D:$D, ROW()) | L8: =INDEX(Проверки!$G:$G, ROW())
J9: =INDEX(Проверки!$F:$F, ROW()) | K9: =INDEX(Проверки!$D:$D, ROW()) | L9: =INDEX(Проверки!$G:$G, ROW())
J10: =INDEX(Проверки!$F:$F, ROW()) | K10: =INDEX(Проверки!$D:$D, ROW()) | L10: =INDEX(Проверки!$G:$G, ROW())
J11: =INDEX(Проверки!$F:$F, ROW()) | K11: =INDEX(Проверки!$D:$D, ROW()) | L11: =INDEX(Проверки!$G:$G, ROW())
J12: =INDEX(Проверки!$F:$F, ROW()) | K12: =INDEX(Проверки!$D:$D, ROW()) | L12: =INDEX(Проверки!$G:$G, ROW())
J13: =INDEX(Проверки!$F:$F, ROW()) | K13: =INDEX(Проверки!$D:$D, ROW()) | L13: =INDEX(Проверки!$G:$G, ROW())
J14: =INDEX(Проверки!$F:$F, ROW()) | K14: =INDEX(Проверки!$D:$D, ROW()) | L14: =INDEX(Проверки!$G:$G, ROW())
J15: =INDEX(Проверки!$F:$F, ROW()) | K15: =INDEX(Проверки!$D:$D, ROW()) | L15: =INDEX(Проверки!$G:$G, ROW())
J16: =INDEX(Проверки!$F:$F, ROW()) | K16: =INDEX(Проверки!$D:$D, ROW()) | L16: =INDEX(Проверки!$G:$G, ROW())
... J1000: =INDEX(Проверки!$F:$F, ROW()) | K1000: =INDEX(Проверки!$D:$D, ROW()) | L1000: =INDEX(Проверки!$G:$G, ROW())

Sheet Программы
A1: ID | B1: Название | C1: Вывод
A2: 1 | B2: Оказание первой помощи пострадавшим | C2: 1. Оказание первой помощи пострадавшим
A3: 2 | B3: Использование (применение) средств индивидуальной защиты | C3: 2. Использование (применение) средств индивидуальной защиты
A4: 3 | B4: Общие вопросы охраны труда и функционирования системы управления охраной труда | C4: 3. Общие вопросы охраны труда и функционирования системы управления охраной труда
A5: 4 | B5: Безопасные методы и приемы выполнения работ при воздействии вредных и (или) опасных производственных факторов, источников опасности, идентифицированных в рамках специальной оценки условий труда и оценки профессиональных рисков | C5: 4. Безопасные методы и приемы выполнения работ при воздействии вредных и (или) опасных производственных факторов, источников опасности, идентифицированных в рамках специальной оценки условий труда и оценки профессиональных рисков
A6: 6 | B6: Безопасные методы и приемы выполнения земляных работ | C6: 6. Безопасные методы и приемы выполнения земляных работ
A7: 7 | B7: Безопасные методы и приемы выполнения ремонтных, монтажных и демонтажных работ зданий и сооружений | C7: 7. Безопасные методы и приемы выполнения ремонтных, монтажных и демонтажных работ зданий и сооружений
A8: 8 | B8: Безопасные методы и приемы выполнения работ при размещении, монтаже, техническом обслуживании и ремонте технологического оборудования (включая технологическое оборудование) | C8: 8. Безопасные методы и приемы выполнения работ при размещении, монтаже, техническом обслуживании и ремонте технологического оборудования (включая технологическое оборудование)
A9: 9 | B9: Безопасные методы и приемы выполнения работ на высоте | C9: 9. Безопасные методы и приемы выполнения работ на высоте
A10: 10 | B10: Безопасные методы и приемы выполнения пожароопасных работ | C10: 10. Безопасные методы и приемы выполнения пожароопасных работ
A11: 11 | B11: Безопасные методы и приемы выполнения работ в ограниченных и замкнутых пространствах (ОЗП) | C11: 11. Безопасные методы и приемы выполнения работ в ограниченных и замкнутых пространствах (ОЗП)
A12: 12 | B12: Безопасные методы и приемы выполнения строительных работ, в том числе: - окрасочные работы - электросварочные и газосварочные работы | C12: 12. Безопасные методы и приемы выполнения строительных работ, в том числе: - окрасочные работы - электросварочные и газосварочные работы
... A29: 29 | B29: Безопасные методы и приемы работ в театрах | C29: 29. Безопасные методы и приемы работ в театрах

Sheet Справочник
A1: Организация | B1: ИНН
A2: ЧУДПО УК "Мелиоратор" | B2: 7627011928
A3: ЧУ ДПО ИПК "Профессиональная Безопасность" | B3: 7604104171

Sheet Проверки
A5: =SUBSTITUTE(SUBSTITUTE(SUBSTITUTE(SUBSTITUTE(TRIM(INDEX(Реестр!$B:$B,ROW())),CHAR(160),""),CHAR(9),""),CHAR(10),""),CHAR(13),"") | B5: =SUBSTITUTE(SUBSTITUTE(SUBSTITUTE(SUBSTITUTE(SUBSTITUTE(SUBSTITUTE(SUBSTITUTE(TRIM(INDEX(Реестр!$D:$D, ROW())), "-", ""), " ", ""), CHAR(160), ""), CHAR(9), ""), CHAR(10), ""), CHAR(13), ""), CHAR(32), "") | C5: =INDEX(Реестр!$H:$H, ROW()) | D5: =IF(OR(ISBLANK(INDEX(Реестр!$B:$B, ROW())), INDEX(Реестр!$B:$B, ROW())=""), " ", IF(IFERROR(ISNUMBER(--A5),FALSE), IF(LEN(A5)=10, IF(MOD(MOD(H5,11),10)=--RIGHT(A5,1), "OK", "ОШИБКА"), IF(LEN(A5)=12, IF(AND(MOD(MOD(H5,11),10)=--MID(A5,11,1), MOD(MOD(I5,11),10)=--RIGHT(A5,1)), "OK", "ОШИБКА"), "ДЛИНА (10 или 12)")), "НЕ ЦИФРЫ")) | E5: =MID(B5,1,1)*9+MID(B5,2,1)*8+MID(B5,3,1)*7+MID(B5,4,1)*6+MID(B5,5,1)*5+MID(B5,6,1)*4+MID(B5,7,1)*3+MID(B5,8,1)*2+MID(B5,9,1) | F5: =IF(B5="", " ", IF(LEN(B5)<>11, "ДЛИНА", IF(NOT(ISNUMBER(--B5)), "НЕ ЦИФРЫ", IF(LEFT(B5,9)*1<=1001998, "OK", IF(RIGHT(B5,2)*1=IF(MOD(E5,101)>=100,0,MOD(E5,101)),"OK","ОШИБКА"))))) | G5: =IF(OR(ISBLANK(INDEX(Реестр!$H:$H, ROW())), INDEX(Реестр!$H:$H, ROW())=""), " ", IF(AND(LEN(TEXT(INDEX(Реестр!$H:$H, ROW()), "ДД.ММ.ГГГГ"))=10, MID(TEXT(INDEX(Реестр!$H:$H, ROW()), "ДД.ММ.ГГГГ"),3,1)=".", MID(TEXT(INDEX(Реестр!$H:$H, ROW()), "ДД.ММ.ГГГГ"),6,1)="."), IF(--RIGHT(TEXT(INDEX(Реестр!$H:$H, ROW()), "ДД.ММ.ГГГГ"),4)<>YEAR(TODAY()), "ПРОВЕРЬ ГОД", "OK"), "ФОРМАТ (ДД.ММ.ГГГГ)")) | H5: =IF(LEN(TRIM(A5))=10, --MID(A5,1,1)*2+--MID(A5,2,1)*4+--MID(A5,3,1)*10+--MID(A5,4,1)*3+--MID(A5,5,1)*5+--MID(A5,6,1)*9+--MID(A5,7,1)*4+--MID(A5,8,1)*6+--MID(A5,9,1)*8, IF(LEN(TRIM(A5))=12, --MID(A5,1,1)*7+--MID(A5,2,1)*2+--MID(A5,3,1)*4+--MID(A5,4,1)*10+--MID(A5,5,1)*3+--MID(A5,6,1)*5+--MID(A5,7,1)*9+--MID(A5,8,1)*4+--MID(A5,9,1)*6+--MID(A5,10,1)*8, "")) | I5: =IF(LEN(TRIM(A5))=12, --MID(A5,1,1)*3+--MID(A5,2,1)*7+--MID(A5,3,1)*2+--MID(A5,4,1)*4+--MID(A5,5,1)*10+--MID(A5,6,1)*3+--MID(A5,7,1)*5+--MID(A5,8,1)*9+--MID(A5,9,1)*4+--MID(A5,10,1)*6+--MID(A5,11,1)*8, "")
A6: =SUBSTITUTE(SUBSTITUTE(SUBSTITUTE(SUBSTITUTE(TRIM(INDEX(Реестр!$B:$B,ROW())),CHAR(160),""),CHAR(9),""),CHAR(10),""),CHAR(13),"") | B6: =SUBSTITUTE(SUBSTITUTE(SUBSTITUTE(SUBSTITUTE(SUBSTITUTE(SUBSTITUTE(SUBSTITUTE(TRIM(INDEX(Реестр!$D:$D, ROW())), "-", ""), " ", ""), CHAR(160), ""), CHAR(9), ""), CHAR(10), ""), CHAR(13), ""), CHAR(32), "") | C6: =INDEX(Реестр!$H:$H, ROW()) | D6: =IF(OR(ISBLANK(INDEX(Реестр!$B:$B, ROW())), INDEX(Реестр!$B:$B, ROW())=""), " ", IF(IFERROR(ISNUMBER(--A6),FALSE), IF(LEN(A6)=10, IF(MOD(MOD(H6,11),10)=--RIGHT(A6,1), "OK", "ОШИБКА"), IF(LEN(A6)=12, IF(AND(MOD(MOD(H6,11),10)=--MID(A6,11,1), MOD(MOD(I6,11),10)=--RIGHT(A6,1)), "OK", "ОШИБКА"), "ДЛИНА (10 или 12)")), "НЕ ЦИФРЫ")) | E6: =MID(B6,1,1)*9+MID(B6,2,1)*8+MID(B6,3,1)*7+MID(B6,4,1)*6+MID(B6,5,1)*5+MID(B6,6,1)*4+MID(B6,7,1)*3+MID(B6,8,1)*2+MID(B6,9,1) | F6: =IF(B6="", " ", IF(LEN(B6)<>11, "ДЛИНА", IF(NOT(ISNUMBER(--B6)), "НЕ ЦИФРЫ", IF(LEFT(B6,9)*1<=1001998, "OK", IF(RIGHT(B6,2)*1=IF(MOD(E6,101)>=100,0,MOD(E6,101)),"OK","ОШИБКА"))))) | G6: =IF(OR(ISBLANK(INDEX(Реестр!$H:$H, ROW())), INDEX(Реестр!$H:$H, ROW())=""), " ", IF(AND(LEN(TEXT(INDEX(Реестр!$H:$H, ROW()), "ДД.ММ.ГГГГ"))=10, MID(TEXT(INDEX(Реестр!$H:$H, ROW()), "ДД.ММ.ГГГГ"),3,1)=".", MID(TEXT(INDEX(Реестр!$H:$H, ROW()), "ДД.ММ.ГГГГ"),6,1)="."), IF(--RIGHT(TEXT(INDEX(Реестр!$H:$H, ROW()), "ДД.ММ.ГГГГ"),4)<>YEAR(TODAY()), "ПРОВЕРЬ ГОД", "OK"), "ФОРМАТ (ДД.ММ.ГГГГ)")) | H6: =IF(LEN(TRIM(A6))=10, --MID(A6,1,1)*2+--MID(A6,2,1)*4+--MID(A6,3,1)*10+--MID(A6,4,1)*3+--MID(A6,5,1)*5+--MID(A6,6,1)*9+--MID(A6,7,1)*4+--MID(A6,8,1)*6+--MID(A6,9,1)*8, IF(LEN(TRIM(A6))=12, --MID(A6,1,1)*7+--MID(A6,2,1)*2+--MID(A6,3,1)*4+--MID(A6,4,1)*10+--MID(A6,5,1)*3+--MID(A6,6,1)*5+--MID(A6,7,1)*9+--MID(A6,8,1)*4+--MID(A6,9,1)*6+--MID(A6,10,1)*8, "")) | I6: =IF(LEN(TRIM(A6))=12, --MID(A6,1,1)*3+--MID(A6,2,1)*7+--MID(A6,3,1)*2+--MID(A6,4,1)*4+--MID(A6,5,1)*10+--MID(A6,6,1)*3+--MID(A6,7,1)*5+--MID(A6,8,1)*9+--MID(A6,9,1)*4+--MID(A6,10,1)*6+--MID(A6,11,1)*8, "")
A7: =SUBSTITUTE(SUBSTITUTE(SUBSTITUTE(SUBSTITUTE(TRIM(INDEX(Реестр!$B:$B,ROW())),CHAR(160),""),CHAR(9),""),CHAR(10),""),CHAR(13),"") | B7: =SUBSTITUTE(SUBSTITUTE(SUBSTITUTE(SUBSTITUTE(SUBSTITUTE(SUBSTITUTE(SUBSTITUTE(TRIM(INDEX(Реестр!$D:$D, ROW())), "-", ""), " ", ""), CHAR(160), ""), CHAR(9), ""), CHAR(10), ""), CHAR(13), ""), CHAR(32), "") | C7: =INDEX(Реестр!$H:$H, ROW()) | D7: =IF(OR(ISBLANK(INDEX(Реестр!$B:$B, ROW())), INDEX(Реестр!$B:$B, ROW())=""), " ", IF(IFERROR(ISNUMBER(--A7),FALSE), IF(LEN(A7)=10, IF(MOD(MOD(H7,11),10)=--RIGHT(A7,1), "OK", "ОШИБКА"), IF(LEN(A7)=12, IF(AND(MOD(MOD(H7,11),10)=--MID(A7,11,1), MOD(MOD(I7,11),10)=--RIGHT(A7,1)), "OK", "ОШИБКА"), "ДЛИНА (10 или 12)")), "НЕ ЦИФРЫ")) | E7: =MID(B7,1,1)*9+MID(B7,2,1)*8+MID(B7,3,1)*7+MID(B7,4,1)*6+MID(B7,5,1)*5+MID(B7,6,1)*4+MID(B7,7,1)*3+MID(B7,8,1)*2+MID(B7,9,1) | F7: =IF(B7="", " ", IF(LEN(B7)<>11, "ДЛИНА", IF(NOT(ISNUMBER(--B7)), "НЕ ЦИФРЫ", IF(LEFT(B7,9)*1<=1001998, "OK", IF(RIGHT(B7,2)*1=IF(MOD(E7,101)>=100,0,MOD(E7,101)),"OK","ОШИБКА"))))) | G7: =IF(OR(ISBLANK(INDEX(Реестр!$H:$H, ROW())), INDEX(Реестр!$H:$H, ROW())=""), " ", IF(AND(LEN(TEXT(INDEX(Реестр!$H:$H, ROW()), "ДД.ММ.ГГГГ"))=10, MID(TEXT(INDEX(Реестр!$H:$H, ROW()), "ДД.ММ.ГГГГ"),3,1)=".", MID(TEXT(INDEX(Реестр!$H:$H, ROW()), "ДД.ММ.ГГГГ"),6,1)="."), IF(--RIGHT(TEXT(INDEX(Реестр!$H:$H, ROW()), "ДД.ММ.ГГГГ"),4)<>YEAR(TODAY()), "ПРОВЕРЬ ГОД", "OK"), "ФОРМАТ (ДД.ММ.ГГГГ)")) | H7: =IF(LEN(TRIM(A7))=10, --MID(A7,1,1)*2+--MID(A7,2,1)*4+--MID(A7,3,1)*10+--MID(A7,4,1)*3+--MID(A7,5,1)*5+--MID(A7,6,1)*9+--MID(A7,7,1)*4+--MID(A7,8,1)*6+--MID(A7,9,1)*8, IF(LEN(TRIM(A7))=12, --MID(A7,1,1)*7+--MID(A7,2,1)*2+--MID(A7,3,1)*4+--MID(A7,4,1)*10+--MID(A7,5,1)*3+--MID(A7,6,1)*5+--MID(A7,7,1)*9+--MID(A7,8,1)*4+--MID(A7,9,1)*6+--MID(A7,10,1)*8, "")) | I7: =IF(LEN(TRIM(A7))=12, --MID(A7,1,1)*3+--MID(A7,2,1)*7+--MID(A7,3,1)*2+--MID(A7,4,1)*4+--MID(A7,5,1)*10+--MID(A7,6,1)*3+--MID(A7,7,1)*5+--MID(A7,8,1)*9+--MID(A7,9,1)*4+--MID(A7,10,1)*6+--MID(A7,11,1)*8, "")
A8: =SUBSTITUTE(SUBSTITUTE(SUBSTITUTE(SUBSTITUTE(TRIM(INDEX(Реестр!$B:$B,ROW())),CHAR(160),""),CHAR(9),""),CHAR(10),""),CHAR(13),"") | B8: =SUBSTITUTE(SUBSTITUTE(SUBSTITUTE(SUBSTITUTE(SUBSTITUTE(SUBSTITUTE(SUBSTITUTE(TRIM(INDEX(Реестр!$D:$D, ROW())), "-", ""), " ", ""), CHAR(160), ""), CHAR(9), ""), CHAR(10), ""), CHAR(13), ""), CHAR(32), "") | C8: =INDEX(Реестр!$H:$H, ROW()) | D8: =IF(OR(ISBLANK(INDEX(Реестр!$B:$B, ROW())), INDEX(Реестр!$B:$B, ROW())=""), " ", IF(IFERROR(ISNUMBER(--A8),FALSE), IF(LEN(A8)=10, IF(MOD(MOD(H8,11),10)=--RIGHT(A8,1), "OK", "ОШИБКА"), IF(LEN(A8)=12, IF(AND(MOD(MOD(H8,11),10)=--MID(A8,11,1), MOD(MOD(I8,11),10)=--RIGHT(A8,1)), "OK", "ОШИБКА"), "ДЛИНА (10 или 12)")), "НЕ ЦИФРЫ")) | E8: =MID(B8,1,1)*9+MID(B8,2,1)*8+MID(B8,3,1)*7+MID(B8,4,1)*6+MID(B8,5,1)*5+MID(B8,6,1)*4+MID(B8,7,1)*3+MID(B8,8,1)*2+MID(B8,9,1) | F8: =IF(B8="", " ", IF(LEN(B8)<>11, "ДЛИНА", IF(NOT(ISNUMBER(--B8)), "НЕ ЦИФРЫ", IF(LEFT(B8,9)*1<=1001998, "OK", IF(RIGHT(B8,2)*1=IF(MOD(E8,101)>=100,0,MOD(E8,101)),"OK","ОШИБКА"))))) | G8: =IF(OR(ISBLANK(INDEX(Реестр!$H:$H, ROW())), INDEX(Реестр!$H:$H, ROW())=""), " ", IF(AND(LEN(TEXT(INDEX(Реестр!$H:$H, ROW()), "ДД.ММ.ГГГГ"))=10, MID(TEXT(INDEX(Реестр!$H:$H, ROW()), "ДД.ММ.ГГГГ"),3,1)=".", MID(TEXT(INDEX(Реестр!$H:$H, ROW()), "ДД.ММ.ГГГГ"),6,1)="."), IF(--RIGHT(TEXT(INDEX(Реестр!$H:$H, ROW()), "ДД.ММ.ГГГГ"),4)<>YEAR(TODAY()), "ПРОВЕРЬ ГОД", "OK"), "ФОРМАТ (ДД.ММ.ГГГГ)")) | H8: =IF(LEN(TRIM(A8))=10, --MID(A8,1,1)*2+--MID(A8,2,1)*4+--MID(A8,3,1)*10+--MID(A8,4,1)*3+--MID(A8,5,1)*5+--MID(A8,6,1)*9+--MID(A8,7,1)*4+--MID(A8,8,1)*6+--MID(A8,9,1)*8, IF(LEN(TRIM(A8))=12, --MID(A8,1,1)*7+--MID(A8,2,1)*2+--MID(A8,3,1)*4+--MID(A8,4,1)*10+--MID(A8,5,1)*3+--MID(A8,6,1)*5+--MID(A8,7,1)*9+--MID(A8,8,1)*4+--MID(A8,9,1)*6+--MID(A8,10,1)*8, "")) | I8: =IF(LEN(TRIM(A8))=12, --MID(A8,1,1)*3+--MID(A8,2,1)*7+--MID(A8,3,1)*2+--MID(A8,4,1)*4+--MID(A8,5,1)*10+--MID(A8,6,1)*3+--MID(A8,7,1)*5+--MID(A8,8,1)*9+--MID(A8,9,1)*4+--MID(A8,10,1)*6+--MID(A8,11,1)*8, "")
A9: =SUBSTITUTE(SUBSTITUTE(SUBSTITUTE(SUBSTITUTE(TRIM(INDEX(Реестр!$B:$B,ROW())),CHAR(160),""),CHAR(9),""),CHAR(10),""),CHAR(13),"") | B9: =SUBSTITUTE(SUBSTITUTE(SUBSTITUTE(SUBSTITUTE(SUBSTITUTE(SUBSTITUTE(SUBSTITUTE(TRIM(INDEX(Реестр!$D:$D, ROW())), "-", ""), " ", ""), CHAR(160), ""), CHAR(9), ""), CHAR(10), ""), CHAR(13), ""), CHAR(32), "") | C9: =INDEX(Реестр!$H:$H, ROW()) | D9: =IF(OR(ISBLANK(INDEX(Реестр!$B:$B, ROW())), INDEX(Реестр!$B:$B, ROW())=""), " ", IF(IFERROR(ISNUMBER(--A9),FALSE), IF(LEN(A9)=10, IF(MOD(MOD(H9,11),10)=--RIGHT(A9,1), "OK", "ОШИБКА"), IF(LEN(A9)=12, IF(AND(MOD(MOD(H9,11),10)=--MID(A9,11,1), MOD(MOD(I9,11),10)=--RIGHT(A9,1)), "OK", "ОШИБКА"), "ДЛИНА (10 или 12)")), "НЕ ЦИФРЫ")) | E9: =MID(B9,1,1)*9+MID(B9,2,1)*8+MID(B9,3,1)*7+MID(B9,4,1)*6+MID(B9,5,1)*5+MID(B9,6,1)*4+MID(B9,7,1)*3+MID(B9,8,1)*2+MID(B9,9,1) | F9: =IF(B9="", " ", IF(LEN(B9)<>11, "ДЛИНА", IF(NOT(ISNUMBER(--B9)), "НЕ ЦИФРЫ", IF(LEFT(B9,9)*1<=1001998, "OK", IF(RIGHT(B9,2)*1=IF(MOD(E9,101)>=100,0,MOD(E9,101)),"OK","ОШИБКА"))))) | G9: =IF(OR(ISBLANK(INDEX(Реестр!$H:$H, ROW())), INDEX(Реестр!$H:$H, ROW())=""), " ", IF(AND(LEN(TEXT(INDEX(Реестр!$H:$H, ROW()), "ДД.ММ.ГГГГ"))=10, MID(TEXT(INDEX(Реестр!$H:$H, ROW()), "ДД.ММ.ГГГГ"),3,1)=".", MID(TEXT(INDEX(Реестр!$H:$H, ROW()), "ДД.ММ.ГГГГ"),6,1)="."), IF(--RIGHT(TEXT(INDEX(Реестр!$H:$H, ROW()), "ДД.ММ.ГГГГ"),4)<>YEAR(TODAY()), "ПРОВЕРЬ ГОД", "OK"), "ФОРМАТ (ДД.ММ.ГГГГ)")) | H9: =IF(LEN(TRIM(A9))=10, --MID(A9,1,1)*2+--MID(A9,2,1)*4+--MID(A9,3,1)*10+--MID(A9,4,1)*3+--MID(A9,5,1)*5+--MID(A9,6,1)*9+--MID(A9,7,1)*4+--MID(A9,8,1)*6+--MID(A9,9,1)*8, IF(LEN(TRIM(A9))=12, --MID(A9,1,1)*7+--MID(A9,2,1)*2+--MID(A9,3,1)*4+--MID(A9,4,1)*10+--MID(A9,5,1)*3+--MID(A9,6,1)*5+--MID(A9,7,1)*9+--MID(A9,8,1)*4+--MID(A9,9,1)*6+--MID(A9,10,1)*8, "")) | I9: =IF(LEN(TRIM(A9))=12, --MID(A9,1,1)*3+--MID(A9,2,1)*7+--MID(A9,3,1)*2+--MID(A9,4,1)*4+--MID(A9,5,1)*10+--MID(A9,6,1)*3+--MID(A9,7,1)*5+--MID(A9,8,1)*9+--MID(A9,9,1)*4+--MID(A9,10,1)*6+--MID(A9,11,1)*8, "")
A10: =SUBSTITUTE(SUBSTITUTE(SUBSTITUTE(SUBSTITUTE(TRIM(INDEX(Реестр!$B:$B,ROW())),CHAR(160),""),CHAR(9),""),CHAR(10),""),CHAR(13),"") | B10: =SUBSTITUTE(SUBSTITUTE(SUBSTITUTE(SUBSTITUTE(SUBSTITUTE(SUBSTITUTE(SUBSTITUTE(TRIM(INDEX(Реестр!$D:$D, ROW())), "-", ""), " ", ""), CHAR(160), ""), CHAR(9), ""), CHAR(10), ""), CHAR(13), ""), CHAR(32), "") | C10: =INDEX(Реестр!$H:$H, ROW()) | D10: =IF(OR(ISBLANK(INDEX(Реестр!$B:$B, ROW())), INDEX(Реестр!$B:$B, ROW())=""), " ", IF(IFERROR(ISNUMBER(--A10),FALSE), IF(LEN(A10)=10, IF(MOD(MOD(H10,11),10)=--RIGHT(A10,1), "OK", "ОШИБКА"), IF(LEN(A10)=12, IF(AND(MOD(MOD(H10,11),10)=--MID(A10,11,1), MOD(MOD(I10,11),10)=--RIGHT(A10,1)), "OK", "ОШИБКА"), "ДЛИНА (10 или 12)")), "НЕ ЦИФРЫ")) | E10: =MID(B10,1,1)*9+MID(B10,2,1)*8+MID(B10,3,1)*7+MID(B10,4,1)*6+MID(B10,5,1)*5+MID(B10,6,1)*4+MID(B10,7,1)*3+MID(B10,8,1)*2+MID(B10,9,1) | F10: =IF(B10="", " ", IF(LEN(B10)<>11, "ДЛИНА", IF(NOT(ISNUMBER(--B10)), "НЕ ЦИФРЫ", IF(LEFT(B10,9)*1<=1001998, "OK", IF(RIGHT(B10,2)*1=IF(MOD(E10,101)>=100,0,MOD(E10,101)),"OK","ОШИБКА"))))) | G10: =IF(OR(ISBLANK(INDEX(Реестр!$H:$H, ROW())), INDEX(Реестр!$H:$H, ROW())=""), " ", IF(AND(LEN(TEXT(INDEX(Реестр!$H:$H, ROW()), "ДД.ММ.ГГГГ"))=10, MID(TEXT(INDEX(Реестр!$H:$H, ROW()), "ДД.ММ.ГГГГ"),3,1)=".", MID(TEXT(INDEX(Реестр!$H:$H, ROW()), "ДД.ММ.ГГГГ"),6,1)="."), IF(--RIGHT(TEXT(INDEX(Реестр!$H:$H, ROW()), "ДД.ММ.ГГГГ"),4)<>YEAR(TODAY()), "ПРОВЕРЬ ГОД", "OK"), "ФОРМАТ (ДД.ММ.ГГГГ)")) | H10: =IF(LEN(TRIM(A10))=10, --MID(A10,1,1)*2+--MID(A10,2,1)*4+--MID(A10,3,1)*10+--MID(A10,4,1)*3+--MID(A10,5,1)*5+--MID(A10,6,1)*9+--MID(A10,7,1)*4+--MID(A10,8,1)*6+--MID(A10,9,1)*8, IF(LEN(TRIM(A10))=12, --MID(A10,1,1)*7+--MID(A10,2,1)*2+--MID(A10,3,1)*4+--MID(A10,4,1)*10+--MID(A10,5,1)*3+--MID(A10,6,1)*5+--MID(A10,7,1)*9+--MID(A10,8,1)*4+--MID(A10,9,1)*6+--MID(A10,10,1)*8, "")) | I10: =IF(LEN(TRIM(A10))=12, --MID(A10,1,1)*3+--MID(A10,2,1)*7+--MID(A10,3,1)*2+--MID(A10,4,1)*4+--MID(A10,5,1)*10+--MID(A10,6,1)*3+--MID(A10,7,1)*5+--MID(A10,8,1)*9+--MID(A10,9,1)*4+--MID(A10,10,1)*6+--MID(A10,11,1)*8, "")
A11: =SUBSTITUTE(SUBSTITUTE(SUBSTITUTE(SUBSTITUTE(TRIM(INDEX(Реестр!$B:$B,ROW())),CHAR(160),""),CHAR(9),""),CHAR(10),""),CHAR(13),"") | B11: =SUBSTITUTE(SUBSTITUTE(SUBSTITUTE(SUBSTITUTE(SUBSTITUTE(SUBSTITUTE(SUBSTITUTE(TRIM(INDEX(Реестр!$D:$D, ROW())), "-", ""), " ", ""), CHAR(160), ""), CHAR(9), ""), CHAR(10), ""), CHAR(13), ""), CHAR(32), "") | C11: =INDEX(Реестр!$H:$H, ROW()) | D11: =IF(OR(ISBLANK(INDEX(Реестр!$B:$B, ROW())), INDEX(Реестр!$B:$B, ROW())=""), " ", IF(IFERROR(ISNUMBER(--A11),FALSE), IF(LEN(A11)=10, IF(MOD(MOD(H11,11),10)=--RIGHT(A11,1), "OK", "ОШИБКА"), IF(LEN(A11)=12, IF(AND(MOD(MOD(H11,11),10)=--MID(A11,11,1), MOD(MOD(I11,11),10)=--RIGHT(A11,1)), "OK", "ОШИБКА"), "ДЛИНА (10 или 12)")), "НЕ ЦИФРЫ")) | E11: =MID(B11,1,1)*9+MID(B11,2,1)*8+MID(B11,3,1)*7+MID(B11,4,1)*6+MID(B11,5,1)*5+MID(B11,6,1)*4+MID(B11,7,1)*3+MID(B11,8,1)*2+MID(B11,9,1) | F11: =IF(B11="", " ", IF(LEN(B11)<>11, "ДЛИНА", IF(NOT(ISNUMBER(--B11)), "НЕ ЦИФРЫ", IF(LEFT(B11,9)*1<=1001998, "OK", IF(RIGHT(B11,2)*1=IF(MOD(E11,101)>=100,0,MOD(E11,101)),"OK","ОШИБКА"))))) | G11: =IF(OR(ISBLANK(INDEX(Реестр!$H:$H, ROW())), INDEX(Реестр!$H:$H, ROW())=""), " ", IF(AND(LEN(TEXT(INDEX(Реестр!$H:$H, ROW()), "ДД.ММ.ГГГГ"))=10, MID(TEXT(INDEX(Реестр!$H:$H, ROW()), "ДД.ММ.ГГГГ"),3,1)=".", MID(TEXT(INDEX(Реестр!$H:$H, ROW()), "ДД.ММ.ГГГГ"),6,1)="."), IF(--RIGHT(TEXT(INDEX(Реестр!$H:$H, ROW()), "ДД.ММ.ГГГГ"),4)<>YEAR(TODAY()), "ПРОВЕРЬ ГОД", "OK"), "ФОРМАТ (ДД.ММ.ГГГГ)")) | H11: =IF(LEN(TRIM(A11))=10, --MID(A11,1,1)*2+--MID(A11,2,1)*4+--MID(A11,3,1)*10+--MID(A11,4,1)*3+--MID(A11,5,1)*5+--MID(A11,6,1)*9+--MID(A11,7,1)*4+--MID(A11,8,1)*6+--MID(A11,9,1)*8, IF(LEN(TRIM(A11))=12, --MID(A11,1,1)*7+--MID(A11,2,1)*2+--MID(A11,3,1)*4+--MID(A11,4,1)*10+--MID(A11,5,1)*3+--MID(A11,6,1)*5+--MID(A11,7,1)*9+--MID(A11,8,1)*4+--MID(A11,9,1)*6+--MID(A11,10,1)*8, "")) | I11: =IF(LEN(TRIM(A11))=12, --MID(A11,1,1)*3+--MID(A11,2,1)*7+--MID(A11,3,1)*2+--MID(A11,4,1)*4+--MID(A11,5,1)*10+--MID(A11,6,1)*3+--MID(A11,7,1)*5+--MID(A11,8,1)*9+--MID(A11,9,1)*4+--MID(A11,10,1)*6+--MID(A11,11,1)*8, "")
A12: =SUBSTITUTE(SUBSTITUTE(SUBSTITUTE(SUBSTITUTE(TRIM(INDEX(Реестр!$B:$B,ROW())),CHAR(160),""),CHAR(9),""),CHAR(10),""),CHAR(13),"") | B12: =SUBSTITUTE(SUBSTITUTE(SUBSTITUTE(SUBSTITUTE(SUBSTITUTE(SUBSTITUTE(SUBSTITUTE(TRIM(INDEX(Реестр!$D:$D, ROW())), "-", ""), " ", ""), CHAR(160), ""), CHAR(9), ""), CHAR(10), ""), CHAR(13), ""), CHAR(32), "") | C12: =INDEX(Реестр!$H:$H, ROW()) | D12: =IF(OR(ISBLANK(INDEX(Реестр!$B:$B, ROW())), INDEX(Реестр!$B:$B, ROW())=""), " ", IF(IFERROR(ISNUMBER(--A12),FALSE), IF(LEN(A12)=10, IF(MOD(MOD(H12,11),10)=--RIGHT(A12,1), "OK", "ОШИБКА"), IF(LEN(A12)=12, IF(AND(MOD(MOD(H12,11),10)=--MID(A12,11,1), MOD(MOD(I12,11),10)=--RIGHT(A12,1)), "OK", "ОШИБКА"), "ДЛИНА (10 или 12)")), "НЕ ЦИФРЫ")) | E12: =MID(B12,1,1)*9+MID(B12,2,1)*8+MID(B12,3,1)*7+MID(B12,4,1)*6+MID(B12,5,1)*5+MID(B12,6,1)*4+MID(B12,7,1)*3+MID(B12,8,1)*2+MID(B12,9,1) | F12: =IF(B12="", " ", IF(LEN(B12)<>11, "ДЛИНА", IF(NOT(ISNUMBER(--B12)), "НЕ ЦИФРЫ", IF(LEFT(B12,9)*1<=1001998, "OK", IF(RIGHT(B12,2)*1=IF(MOD(E12,101)>=100,0,MOD(E12,101)),"OK","ОШИБКА"))))) | G12: =IF(OR(ISBLANK(INDEX(Реестр!$H:$H, ROW())), INDEX(Реестр!$H:$H, ROW())=""), " ", IF(AND(LEN(TEXT(INDEX(Реестр!$H:$H, ROW()), "ДД.ММ.ГГГГ"))=10, MID(TEXT(INDEX(Реестр!$H:$H, ROW()), "ДД.ММ.ГГГГ"),3,1)=".", MID(TEXT(INDEX(Реестр!$H:$H, ROW()), "ДД.ММ.ГГГГ"),6,1)="."), IF(--RIGHT(TEXT(INDEX(Реестр!$H:$H, ROW()), "ДД.ММ.ГГГГ"),4)<>YEAR(TODAY()), "ПРОВЕРЬ ГОД", "OK"), "ФОРМАТ (ДД.ММ.ГГГГ)")) | H12: =IF(LEN(TRIM(A12))=10, --MID(A12,1,1)*2+--MID(A12,2,1)*4+--MID(A12,3,1)*10+--MID(A12,4,1)*3+--MID(A12,5,1)*5+--MID(A12,6,1)*9+--MID(A12,7,1)*4+--MID(A12,8,1)*6+--MID(A12,9,1)*8, IF(LEN(TRIM(A12))=12, --MID(A12,1,1)*7+--MID(A12,2,1)*2+--MID(A12,3,1)*4+--MID(A12,4,1)*10+--MID(A12,5,1)*3+--MID(A12,6,1)*5+--MID(A12,7,1)*9+--MID(A12,8,1)*4+--MID(A12,9,1)*6+--MID(A12,10,1)*8, "")) | I12: =IF(LEN(TRIM(A12))=12, --MID(A12,1,1)*3+--MID(A12,2,1)*7+--MID(A12,3,1)*2+--MID(A12,4,1)*4+--MID(A12,5,1)*10+--MID(A12,6,1)*3+--MID(A12,7,1)*5+--MID(A12,8,1)*9+--MID(A12,9,1)*4+--MID(A12,10,1)*6+--MID(A12,11,1)*8, "")
A13: =SUBSTITUTE(SUBSTITUTE(SUBSTITUTE(SUBSTITUTE(TRIM(INDEX(Реестр!$B:$B,ROW())),CHAR(160),""),CHAR(9),""),CHAR(10),""),CHAR(13),"") | B13: =SUBSTITUTE(SUBSTITUTE(SUBSTITUTE(SUBSTITUTE(SUBSTITUTE(SUBSTITUTE(SUBSTITUTE(TRIM(INDEX(Реестр!$D:$D, ROW())), "-", ""), " ", ""), CHAR(160), ""), CHAR(9), ""), CHAR(10), ""), CHAR(13), ""), CHAR(32), "") | C13: =INDEX(Реестр!$H:$H, ROW()) | D13: =IF(OR(ISBLANK(INDEX(Реестр!$B:$B, ROW())), INDEX(Реестр!$B:$B, ROW())=""), " ", IF(IFERROR(ISNUMBER(--A13),FALSE), IF(LEN(A13)=10, IF(MOD(MOD(H13,11),10)=--RIGHT(A13,1), "OK", "ОШИБКА"), IF(LEN(A13)=12, IF(AND(MOD(MOD(H13,11),10)=--MID(A13,11,1), MOD(MOD(I13,11),10)=--RIGHT(A13,1)), "OK", "ОШИБКА"), "ДЛИНА (10 или 12)")), "НЕ ЦИФРЫ")) | E13: =MID(B13,1,1)*9+MID(B13,2,1)*8+MID(B13,3,1)*7+MID(B13,4,1)*6+MID(B13,5,1)*5+MID(B13,6,1)*4+MID(B13,7,1)*3+MID(B13,8,1)*2+MID(B13,9,1) | F13: =IF(B13="", " ", IF(LEN(B13)<>11, "ДЛИНА", IF(NOT(ISNUMBER(--B13)), "НЕ ЦИФРЫ", IF(LEFT(B13,9)*1<=1001998, "OK", IF(RIGHT(B13,2)*1=IF(MOD(E13,101)>=100,0,MOD(E13,101)),"OK","ОШИБКА"))))) | G13: =IF(OR(ISBLANK(INDEX(Реестр!$H:$H, ROW())), INDEX(Реестр!$H:$H, ROW())=""), " ", IF(AND(LEN(TEXT(INDEX(Реестр!$H:$H, ROW()), "ДД.ММ.ГГГГ"))=10, MID(TEXT(INDEX(Реестр!$H:$H, ROW()), "ДД.ММ.ГГГГ"),3,1)=".", MID(TEXT(INDEX(Реестр!$H:$H, ROW()), "ДД.ММ.ГГГГ"),6,1)="."), IF(--RIGHT(TEXT(INDEX(Реестр!$H:$H, ROW()), "ДД.ММ.ГГГГ"),4)<>YEAR(TODAY()), "ПРОВЕРЬ ГОД", "OK"), "ФОРМАТ (ДД.ММ.ГГГГ)")) | H13: =IF(LEN(TRIM(A13))=10, --MID(A13,1,1)*2+--MID(A13,2,1)*4+--MID(A13,3,1)*10+--MID(A13,4,1)*3+--MID(A13,5,1)*5+--MID(A13,6,1)*9+--MID(A13,7,1)*4+--MID(A13,8,1)*6+--MID(A13,9,1)*8, IF(LEN(TRIM(A13))=12, --MID(A13,1,1)*7+--MID(A13,2,1)*2+--MID(A13,3,1)*4+--MID(A13,4,1)*10+--MID(A13,5,1)*3+--MID(A13,6,1)*5+--MID(A13,7,1)*9+--MID(A13,8,1)*4+--MID(A13,9,1)*6+--MID(A13,10,1)*8, "")) | I13: =IF(LEN(TRIM(A13))=12, --MID(A13,1,1)*3+--MID(A13,2,1)*7+--MID(A13,3,1)*2+--MID(A13,4,1)*4+--MID(A13,5,1)*10+--MID(A13,6,1)*3+--MID(A13,7,1)*5+--MID(A13,8,1)*9+--MID(A13,9,1)*4+--MID(A13,10,1)*6+--MID(A13,11,1)*8, "")
A14: =SUBSTITUTE(SUBSTITUTE(SUBSTITUTE(SUBSTITUTE(TRIM(INDEX(Реестр!$B:$B,ROW())),CHAR(160),""),CHAR(9),""),CHAR(10),""),CHAR(13),"") | B14: =SUBSTITUTE(SUBSTITUTE(SUBSTITUTE(SUBSTITUTE(SUBSTITUTE(SUBSTITUTE(SUBSTITUTE(TRIM(INDEX(Реестр!$D:$D, ROW())), "-", ""), " ", ""), CHAR(160), ""), CHAR(9), ""), CHAR(10), ""), CHAR(13), ""), CHAR(32), "") | C14: =INDEX(Реестр!$H:$H, ROW()) | D14: =IF(OR(ISBLANK(INDEX(Реестр!$B:$B, ROW())), INDEX(Реестр!$B:$B, ROW())=""), " ", IF(IFERROR(ISNUMBER(--A14),FALSE), IF(LEN(A14)=10, IF(MOD(MOD(H14,11),10)=--RIGHT(A14,1), "OK", "ОШИБКА"), IF(LEN(A14)=12, IF(AND(MOD(MOD(H14,11),10)=--MID(A14,11,1), MOD(MOD(I14,11),10)=--RIGHT(A14,1)), "OK", "ОШИБКА"), "ДЛИНА (10 или 12)")), "НЕ ЦИФРЫ")) | E14: =MID(B14,1,1)*9+MID(B14,2,1)*8+MID(B14,3,1)*7+MID(B14,4,1)*6+MID(B14,5,1)*5+MID(B14,6,1)*4+MID(B14,7,1)*3+MID(B14,8,1)*2+MID(B14,9,1) | F14: =IF(B14="", " ", IF(LEN(B14)<>11, "ДЛИНА", IF(NOT(ISNUMBER(--B14)), "НЕ ЦИФРЫ", IF(LEFT(B14,9)*1<=1001998, "OK", IF(RIGHT(B14,2)*1=IF(MOD(E14,101)>=100,0,MOD(E14,101)),"OK","ОШИБКА"))))) | G14: =IF(OR(ISBLANK(INDEX(Реестр!$H:$H, ROW())), INDEX(Реестр!$H:$H, ROW())=""), " ", IF(AND(LEN(TEXT(INDEX(Реестр!$H:$H, ROW()), "ДД.ММ.ГГГГ"))=10, MID(TEXT(INDEX(Реестр!$H:$H, ROW()), "ДД.ММ.ГГГГ"),3,1)=".", MID(TEXT(INDEX(Реестр!$H:$H, ROW()), "ДД.ММ.ГГГГ"),6,1)="."), IF(--RIGHT(TEXT(INDEX(Реестр!$H:$H, ROW()), "ДД.ММ.ГГГГ"),4)<>YEAR(TODAY()), "ПРОВЕРЬ ГОД", "OK"), "ФОРМАТ (ДД.ММ.ГГГГ)")) | H14: =IF(LEN(TRIM(A14))=10, --MID(A14,1,1)*2+--MID(A14,2,1)*4+--MID(A14,3,1)*10+--MID(A14,4,1)*3+--MID(A14,5,1)*5+--MID(A14,6,1)*9+--MID(A14,7,1)*4+--MID(A14,8,1)*6+--MID(A14,9,1)*8, IF(LEN(TRIM(A14))=12, --MID(A14,1,1)*7+--MID(A14,2,1)*2+--MID(A14,3,1)*4+--MID(A14,4,1)*10+--MID(A14,5,1)*3+--MID(A14,6,1)*5+--MID(A14,7,1)*9+--MID(A14,8,1)*4+--MID(A14,9,1)*6+--MID(A14,10,1)*8, "")) | I14: =IF(LEN(TRIM(A14))=12, --MID(A14,1,1)*3+--MID(A14,2,1)*7+--MID(A14,3,1)*2+--MID(A14,4,1)*4+--MID(A14,5,1)*10+--MID(A14,6,1)*3+--MID(A14,7,1)*5+--MID(A14,8,1)*9+--MID(A14,9,1)*4+--MID(A14,10,1)*6+--MID(A14,11,1)*8, "")
A15: =SUBSTITUTE(SUBSTITUTE(SUBSTITUTE(SUBSTITUTE(TRIM(INDEX(Реестр!$B:$B,ROW())),CHAR(160),""),CHAR(9),""),CHAR(10),""),CHAR(13),"") | B15: =SUBSTITUTE(SUBSTITUTE(SUBSTITUTE(SUBSTITUTE(SUBSTITUTE(SUBSTITUTE(SUBSTITUTE(TRIM(INDEX(Реестр!$D:$D, ROW())), "-", ""), " ", ""), CHAR(160), ""), CHAR(9), ""), CHAR(10), ""), CHAR(13), ""), CHAR(32), "") | C15: =INDEX(Реестр!$H:$H, ROW()) | D15: =IF(OR(ISBLANK(INDEX(Реестр!$B:$B, ROW())), INDEX(Реестр!$B:$B, ROW())=""), " ", IF(IFERROR(ISNUMBER(--A15),FALSE), IF(LEN(A15)=10, IF(MOD(MOD(H15,11),10)=--RIGHT(A15,1), "OK", "ОШИБКА"), IF(LEN(A15)=12, IF(AND(MOD(MOD(H15,11),10)=--MID(A15,11,1), MOD(MOD(I15,11),10)=--RIGHT(A15,1)), "OK", "ОШИБКА"), "ДЛИНА (10 или 12)")), "НЕ ЦИФРЫ")) | E15: =MID(B15,1,1)*9+MID(B15,2,1)*8+MID(B15,3,1)*7+MID(B15,4,1)*6+MID(B15,5,1)*5+MID(B15,6,1)*4+MID(B15,7,1)*3+MID(B15,8,1)*2+MID(B15,9,1) | F15: =IF(B15="", " ", IF(LEN(B15)<>11, "ДЛИНА", IF(NOT(ISNUMBER(--B15)), "НЕ ЦИФРЫ", IF(LEFT(B15,9)*1<=1001998, "OK", IF(RIGHT(B15,2)*1=IF(MOD(E15,101)>=100,0,MOD(E15,101)),"OK","ОШИБКА"))))) | G15: =IF(OR(ISBLANK(INDEX(Реестр!$H:$H, ROW())), INDEX(Реестр!$H:$H, ROW())=""), " ", IF(AND(LEN(TEXT(INDEX(Реестр!$H:$H, ROW()), "ДД.ММ.ГГГГ"))=10, MID(TEXT(INDEX(Реестр!$H:$H, ROW()), "ДД.ММ.ГГГГ"),3,1)=".", MID(TEXT(INDEX(Реестр!$H:$H, ROW()), "ДД.ММ.ГГГГ"),6,1)="."), IF(--RIGHT(TEXT(INDEX(Реестр!$H:$H, ROW()), "ДД.ММ.ГГГГ"),4)<>YEAR(TODAY()), "ПРОВЕРЬ ГОД", "OK"), "ФОРМАТ (ДД.ММ.ГГГГ)")) | H15: =IF(LEN(TRIM(A15))=10, --MID(A15,1,1)*2+--MID(A15,2,1)*4+--MID(A15,3,1)*10+--MID(A15,4,1)*3+--MID(A15,5,1)*5+--MID(A15,6,1)*9+--MID(A15,7,1)*4+--MID(A15,8,1)*6+--MID(A15,9,1)*8, IF(LEN(TRIM(A15))=12, --MID(A15,1,1)*7+--MID(A15,2,1)*2+--MID(A15,3,1)*4+--MID(A15,4,1)*10+--MID(A15,5,1)*3+--MID(A15,6,1)*5+--MID(A15,7,1)*9+--MID(A15,8,1)*4+--MID(A15,9,1)*6+--MID(A15,10,1)*8, "")) | I15: =IF(LEN(TRIM(A15))=12, --MID(A15,1,1)*3+--MID(A15,2,1)*7+--MID(A15,3,1)*2+--MID(A15,4,1)*4+--MID(A15,5,1)*10+--MID(A15,6,1)*3+--MID(A15,7,1)*5+--MID(A15,8,1)*9+--MID(A15,9,1)*4+--MID(A15,10,1)*6+--MID(A15,11,1)*8, "")
A16: =SUBSTITUTE(SUBSTITUTE(SUBSTITUTE(SUBSTITUTE(TRIM(INDEX(Реестр!$B:$B,ROW())),CHAR(160),""),CHAR(9),""),CHAR(10),""),CHAR(13),"") | B16: =SUBSTITUTE(SUBSTITUTE(SUBSTITUTE(SUBSTITUTE(SUBSTITUTE(SUBSTITUTE(SUBSTITUTE(TRIM(INDEX(Реестр!$D:$D, ROW())), "-", ""), " ", ""), CHAR(160), ""), CHAR(9), ""), CHAR(10), ""), CHAR(13), ""), CHAR(32), "") | C16: =INDEX(Реестр!$H:$H, ROW()) | D16: =IF(OR(ISBLANK(INDEX(Реестр!$B:$B, ROW())), INDEX(Реестр!$B:$B, ROW())=""), " ", IF(IFERROR(ISNUMBER(--A16),FALSE), IF(LEN(A16)=10, IF(MOD(MOD(H16,11),10)=--RIGHT(A16,1), "OK", "ОШИБКА"), IF(LEN(A16)=12, IF(AND(MOD(MOD(H16,11),10)=--MID(A16,11,1), MOD(MOD(I16,11),10)=--RIGHT(A16,1)), "OK", "ОШИБКА"), "ДЛИНА (10 или 12)")), "НЕ ЦИФРЫ")) | E16: =MID(B16,1,1)*9+MID(B16,2,1)*8+MID(B16,3,1)*7+MID(B16,4,1)*6+MID(B16,5,1)*5+MID(B16,6,1)*4+MID(B16,7,1)*3+MID(B16,8,1)*2+MID(B16,9,1) | F16: =IF(B16="", " ", IF(LEN(B16)<>11, "ДЛИНА", IF(NOT(ISNUMBER(--B16)), "НЕ ЦИФРЫ", IF(LEFT(B16,9)*1<=1001998, "OK", IF(RIGHT(B16,2)*1=IF(MOD(E16,101)>=100,0,MOD(E16,101)),"OK","ОШИБКА"))))) | G16: =IF(OR(ISBLANK(INDEX(Реестр!$H:$H, ROW())), INDEX(Реестр!$H:$H, ROW())=""), " ", IF(AND(LEN(TEXT(INDEX(Реестр!$H:$H, ROW()), "ДД.ММ.ГГГГ"))=10, MID(TEXT(INDEX(Реестр!$H:$H, ROW()), "ДД.ММ.ГГГГ"),3,1)=".", MID(TEXT(INDEX(Реестр!$H:$H, ROW()), "ДД.ММ.ГГГГ"),6,1)="."), IF(--RIGHT(TEXT(INDEX(Реестр!$H:$H, ROW()), "ДД.ММ.ГГГГ"),4)<>YEAR(TODAY()), "ПРОВЕРЬ ГОД", "OK"), "ФОРМАТ (ДД.ММ.ГГГГ)")) | H16: =IF(LEN(TRIM(A16))=10, --MID(A16,1,1)*2+--MID(A16,2,1)*4+--MID(A16,3,1)*10+--MID(A16,4,1)*3+--MID(A16,5,1)*5+--MID(A16,6,1)*9+--MID(A16,7,1)*4+--MID(A16,8,1)*6+--MID(A16,9,1)*8, IF(LEN(TRIM(A16))=12, --MID(A16,1,1)*7+--MID(A16,2,1)*2+--MID(A16,3,1)*4+--MID(A16,4,1)*10+--MID(A16,5,1)*3+--MID(A16,6,1)*5+--MID(A16,7,1)*9+--MID(A16,8,1)*4+--MID(A16,9,1)*6+--MID(A16,10,1)*8, "")) | I16: =IF(LEN(TRIM(A16))=12, --MID(A16,1,1)*3+--MID(A16,2,1)*7+--MID(A16,3,1)*2+--MID(A16,4,1)*4+--MID(A16,5,1)*10+--MID(A16,6,1)*3+--MID(A16,7,1)*5+--MID(A16,8,1)*9+--MID(A16,9,1)*4+--MID(A16,10,1)*6+--MID(A16,11,1)*8, "")
... A1000: =SUBSTITUTE(SUBSTITUTE(SUBSTITUTE(SUBSTITUTE(TRIM(INDEX(Реестр!$B:$B,ROW())),CHAR(160),""),CHAR(9),""),CHAR(10),""),CHAR(13),"") | B1000: =SUBSTITUTE(SUBSTITUTE(SUBSTITUTE(SUBSTITUTE(SUBSTITUTE(SUBSTITUTE(SUBSTITUTE(TRIM(INDEX(Реестр!$D:$D, ROW())), "-", ""), " ", ""), CHAR(160), ""), CHAR(9), ""), CHAR(10), ""), CHAR(13), ""), CHAR(32), "") | C1000: =INDEX(Реестр!$H:$H, ROW()) | D1000: =IF(OR(ISBLANK(INDEX(Реестр!$B:$B, ROW())), INDEX(Реестр!$B:$B, ROW())=""), " ", IF(IFERROR(ISNUMBER(--A1000),FALSE), IF(LEN(A1000)=10, IF(MOD(MOD(H1000,11),10)=--RIGHT(A1000,1), "OK", "ОШИБКА"), IF(LEN(A1000)=12, IF(AND(MOD(MOD(H1000,11),10)=--MID(A1000,11,1), MOD(MOD(I1000,11),10)=--RIGHT(A1000,1)), "OK", "ОШИБКА"), "ДЛИНА (10 или 12)")), "НЕ ЦИФРЫ")) | E1000: =MID(B1000,1,1)*9+MID(B1000,2,1)*8+MID(B1000,3,1)*7+MID(B1000,4,1)*6+MID(B1000,5,1)*5+MID(B1000,6,1)*4+MID(B1000,7,1)*3+MID(B1000,8,1)*2+MID(B1000,9,1) | F1000: =IF(B1000="", " ", IF(LEN(B1000)<>11, "ДЛИНА", IF(NOT(ISNUMBER(--B1000)), "НЕ ЦИФРЫ", IF(LEFT(B1000,9)*1<=1001998, "OK", IF(RIGHT(B1000,2)*1=IF(MOD(E1000,101)>=100,0,MOD(E1000,101)),"OK","ОШИБКА"))))) | G1000: =IF(OR(ISBLANK(INDEX(Реестр!$H:$H, ROW())), INDEX(Реестр!$H:$H, ROW())=""), " ", IF(AND(LEN(TEXT(INDEX(Реестр!$H:$H, ROW()), "ДД.ММ.ГГГГ"))=10, MID(TEXT(INDEX(Реестр!$H:$H, ROW()), "ДД.ММ.ГГГГ"),3,1)=".", MID(TEXT(INDEX(Реестр!$H:$H, ROW()), "ДД.ММ.ГГГГ"),6,1)="."), IF(--RIGHT(TEXT(INDEX(Реестр!$H:$H, ROW()), "ДД.ММ.ГГГГ"),4)<>YEAR(TODAY()), "ПРОВЕРЬ ГОД", "OK"), "ФОРМАТ (ДД.ММ.ГГГГ)")) | H1000: =IF(LEN(TRIM(A1000))=10, --MID(A1000,1,1)*2+--MID(A1000,2,1)*4+--MID(A1000,3,1)*10+--MID(A1000,4,1)*3+--MID(A1000,5,1)*5+--MID(A1000,6,1)*9+--MID(A1000,7,1)*4+--MID(A1000,8,1)*6+--MID(A1000,9,1)*8, IF(LEN(TRIM(A1000))=12, --MID(A1000,1,1)*7+--MID(A1000,2,1)*2+--MID(A1000,3,1)*4+--MID(A1000,4,1)*10+--MID(A1000,5,1)*3+--MID(A1000,6,1)*5+--MID(A1000,7,1)*9+--MID(A1000,8,1)*4+--MID(A1000,9,1)*6+--MID(A1000,10,1)*8, "")) | I1000: =IF(LEN(TRIM(A1000))=12, --MID(A1000,1,1)*3+--MID(A1000,2,1)*7+--MID(A1000,3,1)*2+--MID(A1000,4,1)*4+--MID(A1000,5,1)*10+--MID(A1000,6,1)*3+--MID(A1000,7,1)*5+--MID(A1000,8,1)*9+--MID(A1000,9,1)*4+--MID(A1000,10,1)*6+--MID(A1000,11,1)*8, "")
